Date,Time,Text
2026-08-01,10:00,"🚀 Are you wasting 10+ hours a week trying to edit your own business videos? Here is the exact framework South Florida brands use to delegate remote video editing cleanly.

👉 Calculate your budget & scope in 30 seconds:
https://estebanmorenomedia.com/calculator

#VideoEditing #SouthFlorida #MiamiBusiness #VideoMarketing"
2026-08-03,14:00,"📱 ¿Sabías que el 80% de los videos en Instagram y TikTok se ven SIN sonido? Si tus Reels no tienen subtítulos animados y audio masterizado, estás perdiendo clientes.

Obtén nuestro Kit de Guiones 9:16 gratis:
https://estebanmorenomedia.com/es/recursos/kit-video-social

#EdicionDeVideo #Miami #ReelsParaNegocios #MarketingDigital"
2026-08-05,10:00,"⚖️ Law firms in Miami & Fort Lauderdale: Video content is your highest-converting trust asset. Here are 3 client testimonial video frameworks that get results without sounding corporate.

Audit your video strategy score:
https://estebanmorenomedia.com/assessment

#LawFirmMarketing #MiamiAttorneys #VideoProduction #FortLauderdale"
2026-08-07,16:00,"🎬 ¿Tienes horas de material grabado en tu celular o cámara 4K y no sabes cómo organizarlo para enviar a tu editor? He creado una guía paso a paso y plantilla de carpetas.

Descarga la lista de chequeo aquí:
https://estebanmorenomedia.com/es/guias/entrega-de-material-remoto

#EdicionRemota #CreadoresDeContenido #ProduccionDeVideo #SouthFlorida"
2026-08-09,11:00,"💡 9:16 Vertical Video vs 16:9 Widescreen: Which format should your business invest in for 2026? Read our breakdown of safe-zone margins and multi-export workflows.

Read the full guide:
https://estebanmorenomedia.com/guides/vertical-horizontal-video-exports-and-safe-zones

#ContentCreation #VideoEditor #SocialMediaStrategy #YouTubeShorts"
2026-08-11,10:00,"🏥 Med Spas & Cosmetic Clinics in South Florida: Patient testimonial videos need high-end color grading and crisp dialogue. See how we turn raw footage into high-converting ads.

Calculate your video scope:
https://estebanmorenomedia.com/calculator

#MedSpaMarketing #MiamiMedSpa #VideoEditing #Aesthetics"
2026-08-13,15:00,"✨ ¿Quieres saber si tu marca tiene una estrategia de video bilingüe optimizada? Realiza nuestro diagnóstico gratuito en 5 preguntas.

Evalúa tu estrategia aquí:
https://estebanmorenomedia.com/es/evaluacion

#MarketingBilingue #MiamiBusiness #EstrategiaDigital #SouthFlorida"
2026-08-15,10:00,"🏢 Real Estate Agents in Brickell & Coral Gables: 4K aerial drone walkthroughs get 4x more engagement on LinkedIn than static photos. Here is how we edit luxury property videos.

View portfolio & get custom quote:
https://estebanmorenomedia.com/portfolio

#RealEstateMiami #LuxuryRealEstate #VideoProduction #Brickell"
2026-08-17,14:00,"📦 D2C E-Commerce Brands: UGC (User-Generated Content) video ads are outperforming polished studio ads. Get our 5 direct-response script frameworks for TikTok & Reels.

Get the ad script kit:
https://estebanmorenomedia.com/resources/social-video-kit

#EcommerceMarketing #TikTokAds #VideoEditing #UGCVideo"
2026-08-19,10:00,"🎙️ How to turn 1 podcast recording into 15 high-converting vertical clips for YouTube Shorts and LinkedIn. Learn the batching workflow used by South Florida leaders.

Explore our video editing services:
https://estebanmorenomedia.com/services/video-podcast-editing-service-miami

#VideoPodcast #ContentRepurposing #LinkedInVideo #Shorts"