Date,Time,Networks,Text_EN,Text_ES,Media_Url
2026-08-03,08:30,"LinkedIn, YouTube, Instagram","🔥 3D animation & product rendering for e-commerce brands.

Transform static product assets into dynamic high-converting video ads.

📍 View case study: https://estebanmorenomedia.com/portfolio/my-dler
🧮 Budget Estimator: https://estebanmorenomedia.com/calculator

#3DAnimation #ProductDesign #VideoAds #Ecommerce #MiamiBusiness","🔥 Animación 3D y renderizado de producto para marcas e-commerce.

Transforma tus productos estáticos en videos dinámicos para anuncios.

📍 Ver caso de estudio: https://estebanmorenomedia.com/portfolio/my-dler
🧮 Calculadora de Presupuestos: https://estebanmorenomedia.com/es/calculadora

#3DAnimation #ProductDesign #VideoAds #Ecommerce #MiamiBusiness",https://www.youtube.com/watch?v=vMvbC5yOzgs
2026-08-05,08:30,"LinkedIn, YouTube, Instagram","💼 Corporate video post-production for companies & institutions.

Cinematic color grading, pacing, and -14 LUFS dialogue mastering.

📍 View case study: https://estebanmorenomedia.com/portfolio/banacol
📊 Scope your budget: https://estebanmorenomedia.com/calculator

#CorporateVideo #PostProduction #VideoEditing #SouthFlorida #EstebanMorenoMedia","💼 Posproducción de video corporativo para empresas e instituciones.

Mapeo de color cinemático, edición de ritmo y audio masterizado a -14 LUFS.

📍 Caso de estudio completo: https://estebanmorenomedia.com/portfolio/banacol
📊 Presupuestos corporativos: https://estebanmorenomedia.com/es/calculadora

#CorporateVideo #PostProduction #VideoEditing #SouthFlorida #EstebanMorenoMedia",https://www.youtube.com/watch?v=DgeKWR8s80M
2026-08-07,08:30,"LinkedIn, YouTube, Instagram","🍹 Dynamic promo editing for restaurants, nightlife, and hospitality in Miami.

Visual hooks designed to stop the scroll on Instagram & TikTok.

📍 View project: https://estebanmorenomedia.com/portfolio/bar-door-monkey
📲 Social Video Kit: https://estebanmorenomedia.com/resources/social-video-kit

#MiamiNightlife #RestaurantMarketing #ReelsMiami #VideoPromo","🍹 Cobertura y edición dinámica para restaurantes, bares y vida nocturna en Miami.

Ganchos visuales diseñados para captar atención en Instagram y TikTok.

📍 Ver proyecto: https://estebanmorenomedia.com/portfolio/bar-door-monkey
📲 Edición de Reels: https://estebanmorenomedia.com/es/reels-para-negocios-miami

#MiamiNightlife #RestaurantMarketing #ReelsMiami #VideoPromo",https://www.youtube.com/watch?v=m1PZOcutQHg
2026-08-10,08:30,"LinkedIn, YouTube, Instagram","🩺 Professional video marketing for dental practices & Med Spas in South Florida.

Convert viewers into patients with high-retention clinical promos.

📍 View case study: https://estebanmorenomedia.com/portfolio/healthy-smile
🩺 Med Spa Services: https://estebanmorenomedia.com/services/med-spa-video-marketing-south-florida

#MedSpaMiami #DentalMarketing #HealthcareVideo #SouthFlorida","🩺 Video marketing profesional para clínicas de odontología y Med Spas en South Florida.

Atrae más pacientes con testimonios y tratamientos editados en alta calidad.

📍 Caso de estudio: https://estebanmorenomedia.com/portfolio/healthy-smile
🩺 Servicio Med Spa: https://estebanmorenomedia.com/services/med-spa-video-marketing-south-florida

#MedSpaMiami #DentalMarketing #HealthcareVideo #SouthFlorida",https://www.youtube.com/watch?v=YTJW6zn14S8
2026-08-12,08:30,"LinkedIn, YouTube, Instagram","🏡 Promotional video editing for real estate brokerages & mortgage advisors.

Fast pacing and 9:16 safe-zone vertical title placement.

📍 View project: https://estebanmorenomedia.com/portfolio/homeowners
🏢 Real Estate Drone Editing: https://estebanmorenomedia.com/services/real-estate-drone-video-editing-miami

#RealEstateVideo #MortgageMarketing #MiamiRealEstate #VideoEditor","🏡 Edición de video promocional para agencias inmobiliarias y servicios financieros.

Ritmo ágil y títulos optimizados en zonas seguras 9:16.

📍 Ver proyecto: https://estebanmorenomedia.com/portfolio/homeowners
🏢 Servicio Real Estate: https://estebanmorenomedia.com/es/editor-de-video-real-estate-miami

#RealEstateVideo #MortgageMarketing #MiamiRealEstate #VideoEditor",https://www.youtube.com/watch?v=2m3iHq0JrLM
2026-08-14,08:30,"LinkedIn, YouTube, Instagram","📽️ Narrative video editing for events & cinematic weddings.

Capture emotion with polished color grading and seamless audio mixing.

📍 View full story: https://estebanmorenomedia.com/portfolio/diana-jack
✨ Video Services: https://estebanmorenomedia.com/services

#WeddingVideo #EventVideography #CinematicEditing #VideoPost","📽️ Edición de video narrativo para eventos y bodas cinemáticas.

Capturamos la emoción con corrección de color pulida y mezcla de música impecable.

📍 Ver historia completa: https://estebanmorenomedia.com/portfolio/diana-jack
✨ Servicios de edición: https://estebanmorenomedia.com/services

#WeddingVideo #EventVideography #CinematicEditing #VideoPost",https://www.youtube.com/watch?v=3tjLDtVrhG4
2026-08-17,08:30,"LinkedIn, YouTube, Instagram","🎬 Narrative post-production & sound design for short films.

Scene structuring, color correction, and multi-channel audio mixing.

📍 La Huelga Project: https://estebanmorenomedia.com/portfolio/la-huelga
🚀 Strategy Assessment: https://estebanmorenomedia.com/assessment

#ShortFilm #Filmmaking #SoundDesign #ColorGrading #VideoEditing","🎬 Posproducción narrativa y diseño de sonido para cortometrajes.

Estructuración de escenas, corrección de color y mezcla multicanal.

📍 Proyecto La Huelga: https://estebanmorenomedia.com/portfolio/la-huelga
🚀 Evaluador de estrategia: https://estebanmorenomedia.com/es/evaluacion

#ShortFilm #Filmmaking #SoundDesign #ColorGrading #VideoEditing",https://www.youtube.com/watch?v=W3pA6V8bN60
2026-08-19,08:30,"LinkedIn, YouTube, Instagram","📲 Batch video editing for corporate brand channels & social media.

Brand consistency, animated captions, and rapid turnaround.

📍 View full case: https://estebanmorenomedia.com/portfolio/ml-colombia
🧮 Scope monthly batching: https://estebanmorenomedia.com/calculator

#SocialMediaVideo #ContentBatching #ReelsEditing #MarketingDigital","📲 Edición de lotes de video para redes sociales de marcas e instituciones.

Consistencia de marca, subtítulos animados y entrega rápida.

📍 Ver caso completo: https://estebanmorenomedia.com/portfolio/ml-colombia
🧮 Calcula tu lote mensual: https://estebanmorenomedia.com/es/calculadora

#SocialMediaVideo #ContentBatching #ReelsEditing #MarketingDigital",https://www.youtube.com/watch?v=n9c6m_1361w